39.42,40.08,43.50,50.53,64.11,95.14,198.34,500.00,198.07,109.74,84.10,70.94,63.74,60.64,60.21,0.60,0.00
39.41,40.07,43.51,50.54,64.12,95.17,198.43,500.00,198.17,109.66,84.03,70.89,63.70,60.60,60.20,0.60,0.00
39.40,40.06,43.52,50.55,64.14,95.20,198.53,500.00,198.28,109.56,83.96,70.84,63.66,60.56,60.19,0.60,0.00
39.38,40.04,43.53,50.57,64.16,95.24,198.64,500.00,198.40,109.45,83.88,70.78,63.60,60.51,60.17,0.60,0.00
39.35,40.01,43.55,50.59,64.21,95.32,198.87,500.00,198.67,109.23,83.70,70.66,63.49,60.40,60.14,0.60,0.00
39.31,40.01,43.58,50.62,64.27,95.40,199.11,500.00,198.93,109.00,83.53,70.54,63.39,60.30,60.11,0.60,0.00
39.28,40.04,43.60,50.65,64.32,95.48,199.32,500.00,199.17,108.79,83.37,70.42,63.28,60.20,60.08,0.60,0.00
39.22,40.07,43.64,50.70,64.41,95.62,199.72,500.00,199.61,108.41,83.07,70.19,63.10,60.02,60.03,0.60,0.00
39.15,40.12,43.69,50.76,64.53,95.79,200.21,500.00,200.17,108.14,82.71,69.88,62.86,59.80,59.89,0.60,0.00
39.09,40.16,43.74,50.81,64.62,95.93,200.61,500.00,200.61,107.96,82.41,69.63,62.68,59.62,59.71,0.60,0.00
39.04,40.20,43.78,50.85,64.71,96.06,200.97,500.00,201.02,107.80,82.14,69.40,62.50,59.46,59.54,0.60,0.00
39.00,40.23,43.81,50.89,64.79,96.17,201.31,500.00,201.39,107.65,81.89,69.19,62.35,59.31,59.39,0.60,0.00
39.03,40.26,43.85,50.94,64.87,96.30,201.66,500.00,201.79,107.49,81.63,68.97,62.18,59.15,59.24,0.60,0.00
39.06,40.30,43.88,50.98,64.95,96.41,202.00,500.00,202.17,107.34,81.38,68.76,62.02,59.00,59.08,0.60,0.00
39.09,40.33,43.92,51.02,65.03,96.53,202.32,500.00,202.53,107.19,81.13,68.55,61.87,58.85,58.94,0.60,0.00
39.12,40.36,43.95,51.06,65.10,96.64,202.64,500.00,202.89,107.04,80.90,68.35,61.72,58.71,58.79,0.60,0.00
39.16,40.40,44.00,51.11,65.20,96.79,203.07,500.00,203.37,106.85,80.58,68.08,61.52,58.52,58.60,0.60,0.00
39.20,40.44,44.04,51.16,65.30,96.85,203.48,500.00,203.83,106.67,80.27,67.82,61.32,58.33,58.42,0.60,0.00
39.24,40.48,44.08,51.24,65.39,96.91,203.88,500.00,204.28,106.49,79.98,67.57,61.14,58.16,58.24,0.60,0.00
39.28,40.52,44.13,51.31,65.48,96.96,204.28,500.00,204.72,106.31,79.68,67.32,60.93,57.98,58.06,0.60,0.00
39.31,40.56,44.17,51.38,65.58,97.02,204.67,500.00,205.17,106.13,79.39,67.07,60.70,57.80,57.88,0.60,0.00
39.35,40.60,44.21,51.46,65.67,97.07,205.08,500.00,205.63,105.95,79.08,66.82,60.47,57.62,57.70,0.60,0.00
39.44,40.69,44.31,51.63,65.89,97.20,206.01,500.00,206.67,105.53,78.39,66.23,59.94,57.20,57.28,0.60,0.00
39.53,40.78,44.42,51.81,66.12,97.34,209.60,500.00,207.75,105.10,77.67,65.63,59.39,56.77,56.85,0.60,0.00
39.60,40.86,44.54,51.95,66.30,97.45,218.34,500.00,208.63,104.74,77.09,65.13,58.95,56.42,56.50,0.60,0.00
39.67,40.92,44.65,52.08,66.46,97.55,226.00,500.00,209.40,104.43,76.58,64.70,58.56,56.04,56.19,0.60,0.00
39.73,40.99,44.76,52.20,66.62,97.64,233.30,500.00,210.13,104.14,76.09,64.29,58.18,55.69,55.89,0.60,0.00
39.79,41.06,44.85,52.31,66.76,97.72,240.18,500.00,210.82,103.86,75.63,63.90,57.83,55.35,55.62,0.60,0.00
39.90,41.23,45.04,52.53,67.04,97.89,397.87,500.00,209.89,103.34,75.11,63.17,57.17,54.71,55.09,0.60,0.00
39.99,41.36,45.19,52.70,67.26,98.02,397.34,500.00,208.36,102.91,74.80,62.57,56.63,54.20,54.59,0.60,0.00
40.10,41.48,45.32,52.85,67.40,98.14,396.89,500.00,207.06,102.55,74.53,62.06,56.17,53.76,54.15,0.60,0.00
40.21,41.59,45.44,52.99,67.47,98.24,396.46,500.00,205.83,102.20,74.28,61.58,55.73,53.34,53.73,0.60,0.00
40.40,41.79,45.65,53.24,67.60,98.43,395.71,500.00,203.66,101.59,73.84,60.73,54.96,52.60,52.99,0.60,0.00
40.54,41.94,45.82,53.43,67.70,98.58,395.10,500.00,201.97,101.12,73.50,60.09,54.36,52.03,52.41,0.60,0.00
40.67,42.07,45.96,53.60,67.79,98.71,394.57,500.00,200.54,100.72,73.21,59.86,53.86,51.55,51.92,0.60,0.00
40.84,42.25,46.15,53.76,67.91,98.88,393.82,500.00,198.53,100.16,72.80,59.52,53.15,50.87,51.24,0.60,0.00
40.98,42.39,46.31,53.84,68.00,99.02,393.24,500.00,196.99,99.72,72.48,59.26,52.60,50.34,50.71,0.60,0.00
41.17,42.59,46.52,53.94,68.13,99.45,392.42,500.00,194.78,99.11,72.03,58.90,52.02,49.60,49.96,0.60,0.00
41.33,42.75,46.65,54.03,68.24,99.97,391.74,500.00,192.94,99.66,71.66,58.59,51.75,48.97,49.33,0.60,0.00
41.46,42.89,46.71,54.10,68.34,100.41,391.15,500.00,191.36,100.15,71.34,58.33,51.52,48.44,48.79,0.60,0.00
41.59,43.03,46.78,54.17,68.43,100.83,390.60,500.00,189.88,100.61,71.04,58.08,51.30,48.09,48.28,0.60,0.00
41.72,43.11,46.84,54.24,68.51,101.24,390.06,500.00,188.42,101.07,70.74,57.84,51.08,47.89,47.78,0.60,0.00
41.84,43.16,46.89,54.31,68.60,101.62,389.56,500.00,187.07,101.49,70.46,57.61,50.89,47.71,47.32,0.60,0.00
41.95,43.21,46.94,54.37,68.67,101.98,389.08,500.00,185.78,101.88,70.20,57.40,50.70,47.53,46.95,0.60,0.00
42.02,43.26,47.00,54.43,68.75,102.34,388.60,500.00,184.48,102.29,69.94,57.18,50.51,47.35,46.77,0.60,0.00
42.07,43.31,47.05,54.49,68.83,102.73,388.09,500.00,183.12,102.71,69.66,56.96,50.31,47.16,46.59,0.60,0.00
42.12,43.36,47.11,54.56,68.91,103.10,387.59,500.00,181.78,103.13,69.39,56.73,50.11,46.98,46.41,0.58,0.00
42.17,43.41,47.16,54.62,69.06,103.48,387.09,500.00,180.43,103.55,69.11,56.51,49.91,46.79,46.22,0.56,0.00
42.22,43.46,47.22,54.68,69.31,103.85,386.60,500.00,179.11,103.96,69.08,56.29,49.72,46.61,46.04,0.54,0.00
42.27,43.51,47.27,54.75,69.57,104.24,389.83,500.00,177.73,104.38,69.36,56.06,49.51,46.42,45.86,0.53,0.00
42.32,43.57,47.33,54.82,69.83,104.63,394.31,500.00,176.34,104.82,69.65,55.83,49.31,46.23,45.67,0.51,0.00
42.42,43.67,47.44,54.95,70.35,105.41,403.16,500.00,173.58,105.67,70.22,55.37,48.90,45.85,45.29,0.48,0.00
42.51,43.75,47.54,55.18,70.77,106.12,410.35,500.00,171.34,106.37,70.68,55.00,48.57,45.54,44.99,0.45,0.00
42.62,43.87,47.66,55.63,71.34,110.49,500.00,500.00,168.25,107.33,71.32,55.49,48.12,45.11,44.57,0.41,0.00
42.72,43.97,47.87,56.02,71.84,114.25,500.00,500.00,165.60,108.15,71.87,55.91,47.73,44.75,44.20,0.38,0.00
42.83,44.09,48.27,56.48,72.43,118.71,500.00,500.00,162.44,106.60,72.52,56.42,48.14,44.31,43.77,0.34,0.00
42.94,44.42,48.65,56.92,73.00,123.00,500.00,500.00,159.41,104.61,73.14,56.91,48.56,44.29,43.36,0.34,0.00
43.10,44.69,48.94,57.27,73.45,126.35,500.00,500.00,156.98,103.06,73.63,57.29,48.88,44.58,43.04,0.34,0.00
43.32,44.91,49.19,57.56,73.99,129.88,500.00,500.00,154.41,101.74,74.05,57.61,49.16,44.83,43.20,0.34,0.00
43.52,45.13,49.43,57.83,75.50,146.04,500.00,500.00,152.04,100.52,74.43,57.91,49.41,45.07,43.42,0.34,0.00
43.89,45.50,49.84,58.32,78.16,174.61,500.00,500.00,147.84,98.36,75.11,58.44,49.87,45.48,43.82,0.34,0.00
44.17,45.80,50.16,58.70,80.28,183.95,500.00,500.00,144.51,96.64,74.71,58.85,50.22,45.80,44.13,0.34,0.00
44.43,46.06,50.45,59.64,82.14,191.88,500.00,497.45,141.58,95.14,73.54,59.22,50.54,46.09,44.41,0.34,0.00
44.48,46.04,50.33,60.08,82.32,190.11,500.00,496.70,141.44,95.12,73.24,60.14,51.19,46.59,44.81,0.34,0.27
44.40,45.83,49.95,59.93,81.49,183.27,500.00,498.90,143.09,96.07,73.51,61.38,52.04,47.22,45.29,0.34,0.49
44.05,45.23,49.35,59.38,79.53,170.51,500.00,500.00,147.29,98.55,74.39,62.25,54.09,48.76,46.51,0.34,0.49
43.55,44.47,49.17,58.64,77.45,159.72,299.15,500.00,152.40,101.58,75.60,62.71,55.97,50.52,47.92,0.34,0.49
42.85,44.17,48.77,57.66,75.12,149.75,268.49,500.00,158.98,104.32,77.28,63.49,56.27,52.63,49.64,0.34,0.49
42.32,43.94,48.21,56.53,72.75,141.13,248.35,500.00,172.93,106.65,79.31,64.53,56.80,53.10,51.51,0.34,0.49
42.15,43.52,47.44,55.18,72.15,132.88,229.34,500.00,194.14,109.71,81.91,65.96,57.62,53.54,52.46,0.34,0.49
41.78,42.89,46.46,53.60,71.35,125.03,211.61,500.00,398.49,113.59,84.18,67.79,58.76,54.26,52.85,0.34,0.49
41.23,42.09,45.30,51.86,70.24,117.75,195.45,498.17,418.89,118.30,86.25,70.01,60.20,55.23,53.49,0.34,0.49
40.70,41.36,44.30,50.99,69.21,112.42,183.81,493.83,430.06,122.58,88.17,71.65,61.51,56.14,54.14,0.34,0.49
40.16,40.66,43.38,50.80,68.22,108.04,174.40,490.26,433.22,129.06,90.05,72.66,62.78,57.05,54.80,0.34,0.49
39.75,40.18,42.79,51.19,68.46,106.56,169.13,486.06,432.52,133.26,90.79,73.04,63.56,57.65,55.29,0.34,0.22
39.46,39.90,43.29,52.06,69.66,107.17,166.73,481.29,428.72,134.36,90.56,72.87,63.64,57.98,55.61,0.34,-0.02
39.30,39.87,44.72,54.00,72.75,111.07,167.42,474.21,419.50,131.38,88.85,71.84,62.95,57.97,55.75,0.34,-0.32
39.21,40.94,46.05,55.82,75.66,114.79,168.16,468.05,411.56,128.79,87.32,70.89,62.30,57.92,55.82,0.34,-0.32
39.49,41.98,47.34,57.58,77.56,118.49,168.94,462.46,404.38,126.43,85.89,69.99,61.67,57.70,55.86,0.34,-0.32
40.40,43.04,48.66,59.39,79.36,118.93,169.81,457.06,397.50,124.13,84.47,69.08,61.03,57.22,55.85,0.34,-0.32
42.39,45.35,51.53,63.34,83.38,118.84,172.02,446.45,384.07,119.50,81.53,67.14,59.61,56.12,55.66,0.34,-0.32
44.61,47.93,54.76,66.35,88.05,119.05,174.89,435.76,366.16,114.76,78.42,65.02,58.02,54.86,54.63,0.34,-0.32
46.46,50.09,57.23,68.82,92.07,119.41,177.57,427.42,351.56,111.11,76.46,63.31,56.71,53.80,53.73,0.34,-0.32
48.13,52.05,58.87,71.10,93.18,119.88,186.89,418.27,339.58,107.99,75.06,61.79,55.53,52.82,52.90,0.34,-0.32
50.84,54.61,61.58,74.89,93.12,120.91,204.22,404.77,322.36,103.25,72.79,59.37,53.62,51.22,51.50,0.34,-0.32
53.45,57.08,64.71,78.61,93.33,122.34,415.32,391.04,305.39,98.32,70.29,56.91,51.48,49.39,49.87,0.34,-0.32
55.68,59.72,68.07,78.50,93.81,124.15,405.44,377.95,289.68,93.51,67.71,55.24,49.27,47.47,48.12,0.34,-0.32
58.21,62.73,70.26,78.62,94.62,126.54,395.34,364.61,274.12,88.50,64.90,53.35,47.30,45.31,46.13,0.34,-0.32
60.19,65.08,70.19,78.85,95.37,128.61,387.26,355.02,254.21,84.85,62.78,51.88,46.18,43.64,44.57,0.34,-0.32
63.05,66.06,70.31,79.39,96.67,137.70,375.30,340.38,230.71,81.76,59.81,49.78,44.54,42.21,42.31,0.34,-0.32
65.15,66.04,70.53,79.99,97.93,146.77,366.03,327.53,214.50,80.48,57.40,48.03,43.15,41.04,41.09,0.34,-0.32
64.82,65.71,70.20,79.60,97.47,149.32,359.30,320.88,214.33,82.83,56.28,47.11,42.33,40.26,40.32,0.34,-0.01
64.13,64.78,68.94,77.79,94.65,144.39,352.96,318.82,233.69,91.16,56.40,46.93,41.98,39.79,39.70,0.34,0.34
63.61,64.10,68.03,76.51,92.70,141.10,348.62,317.24,236.79,97.58,57.44,46.88,41.81,39.52,39.34,0.34,0.34
63.05,63.39,67.10,75.23,90.77,356.90,344.41,313.77,238.13,104.48,60.50,46.90,41.70,39.32,39.04,0.34,0.34
62.51,62.70,66.22,74.03,89.00,352.84,340.60,310.65,239.49,110.79,63.48,46.98,41.66,39.18,38.83,0.34,0.34
61.90,61.95,65.26,72.76,87.14,348.63,336.65,307.42,241.08,117.37,66.79,48.06,41.66,39.10,38.65,0.34,0.34
61.10,60.99,64.05,71.17,85.81,343.57,331.91,303.57,243.23,126.15,71.10,50.72,41.75,39.07,38.52,0.34,0.34
60.34,60.08,62.92,69.72,84.62,339.07,327.71,300.17,245.37,134.83,75.25,53.25,42.87,39.10,38.46,0.34,0.34
59.22,58.75,61.33,67.69,82.91,333.00,321.53,295.61,248.39,147.08,81.37,56.94,45.54,39.60,38.49,0.34,0.34
58.25,57.62,59.97,65.98,81.47,328.05,316.22,291.93,246.37,154.76,86.50,60.16,47.86,41.47,38.58,0.34,0.34
57.35,56.60,58.77,64.49,80.19,323.81,311.68,288.78,244.69,161.98,90.89,63.09,49.96,43.14,39.72,0.34,0.34
56.40,55.53,57.53,63.16,78.87,319.56,307.14,285.65,243.05,169.86,95.60,66.20,52.17,44.90,41.23,0.34,0.34
54.28,53.20,54.86,61.42,76.01,310.97,298.01,279.42,239.94,181.66,106.22,72.86,57.02,48.74,44.52,0.34,0.34
52.04,50.77,52.49,59.57,73.10,302.63,289.19,273.25,237.12,183.97,117.48,79.50,62.17,52.79,47.96,0.34,0.34
49.91,48.50,51.21,57.82,70.44,295.27,281.44,265.78,234.81,186.44,125.69,85.96,66.76,56.63,51.20,0.34,0.34
48.00,47.18,50.03,56.25,68.98,289.01,274.91,259.51,232.97,188.87,133.36,91.87,70.80,60.04,54.10,0.34,0.34
45.54,45.62,48.13,53.77,73.99,279.88,265.45,250.47,226.90,191.89,145.94,100.77,77.21,64.98,58.60,0.34,0.34
44.41,44.33,46.57,51.80,77.07,272.93,258.28,243.65,221.68,189.32,148.47,106.64,82.46,68.98,61.96,0.34,0.34
43.38,43.17,45.21,51.36,79.21,267.14,252.33,238.00,217.38,187.27,149.85,111.89,87.10,72.49,64.86,0.34,0.34
42.35,42.02,43.88,53.14,80.87,261.77,246.82,232.80,213.45,185.46,151.29,117.08,91.05,75.90,67.67,0.34,0.34
41.48,41.06,42.77,54.46,289.55,257.43,242.39,228.61,210.30,184.06,152.58,121.51,93.99,78.76,70.01,0.34,0.34
40.55,40.05,43.51,55.66,285.52,253.07,237.94,224.43,207.17,182.70,154.00,126.19,97.07,81.74,72.44,0.34,0.34
38.35,39.35,45.64,57.76,276.86,243.76,228.51,215.62,200.66,180.08,157.12,128.27,104.15,87.54,77.92,0.34,0.34
37.08,39.80,45.41,56.13,279.42,237.13,220.17,208.57,196.31,178.85,157.11,134.57,116.62,96.18,85.43,0.34,0.81
37.12,39.21,43.89,53.85,295.48,232.33,212.52,200.33,189.28,175.92,159.73,143.77,122.69,107.83,93.93,0.34,1.00
36.66,38.17,42.01,55.68,500.00,228.89,206.02,193.38,183.57,174.30,161.40,144.87,130.06,116.07,103.38,0.34,1.00
35.62,36.54,40.38,55.97,500.00,227.08,199.77,186.67,177.38,168.66,158.35,147.47,136.23,122.53,114.06,0.34,1.00
34.53,35.03,41.38,55.52,500.00,226.44,195.30,180.55,171.17,163.69,156.80,149.17,137.22,128.44,118.10,0.34,1.00
32.48,35.51,41.77,54.01,500.00,230.39,190.01,173.08,163.71,158.02,153.20,146.04,139.87,132.75,124.81,0.34,1.00
33.24,35.94,41.36,51.77,427.42,249.92,185.41,166.23,156.90,150.58,146.35,144.13,140.10,134.62,132.50,0.34,1.00
33.57,35.70,40.27,54.15,390.33,500.00,182.91,159.99,148.82,142.84,140.72,139.30,137.43,137.88,133.68,0.34,1.00
33.47,35.16,39.09,56.00,360.57,500.00,181.84,155.56,143.12,137.49,135.14,134.14,136.20,135.64,135.44,0.34,1.00
33.10,34.40,39.81,56.70,335.00,500.00,181.53,151.96,138.41,132.56,129.54,130.12,132.57,133.79,137.67,0.34,1.00
32.53,33.53,41.10,56.74,315.85,500.00,185.41,149.02,134.46,127.52,124.89,126.62,128.13,132.65,136.27,0.34,1.00
31.84,34.68,41.88,56.42,300.59,412.40,196.26,146.84,130.96,123.30,121.07,121.71,124.60,131.29,134.51,0.34,1.00
32.63,35.91,42.30,60.92,274.76,365.80,500.00,144.78,125.27,116.36,113.45,113.85,118.60,123.73,132.61,0.34,1.00
33.51,36.39,42.12,67.44,254.80,339.83,500.00,144.01,121.48,111.57,107.57,108.65,111.84,119.00,128.62,0.34,1.00
33.98,36.49,41.65,70.29,239.45,314.94,500.00,144.00,118.64,107.69,103.02,103.38,106.73,114.65,123.59,0.34,1.00
34.18,36.33,44.14,71.59,222.62,293.95,500.00,153.16,117.15,104.42,99.17,98.60,102.50,109.00,119.61,0.34,1.00
34.16,35.97,46.53,78.10,208.63,277.02,375.03,166.46,116.12,101.62,95.66,94.45,97.94,104.23,116.27,0.34,1.00
33.79,39.04,49.15,83.15,184.72,250.41,326.98,500.00,115.47,97.80,90.22,88.06,89.91,96.75,106.37,0.34,1.00
35.91,40.85,50.29,84.05,167.80,233.50,302.17,500.00,120.27,96.36,86.82,83.76,84.87,90.20,100.39,0.34,1.00
37.42,42.02,50.98,83.78,155.35,217.81,279.38,500.00,132.20,95.60,84.40,80.48,80.89,85.21,94.85,0.34,1.00
38.54,42.79,53.16,82.69,145.22,204.43,258.14,500.00,480.06,95.35,83.15,77.80,77.49,81.13,89.32,0.34,1.00
39.73,43.76,55.33,79.89,128.81,182.29,228.93,299.06,497.61,104.07,82.09,74.81,72.77,75.06,81.60,0.34,1.00
40.46,45.88,56.22,76.49,113.58,159.62,203.52,263.67,500.00,437.46,84.06,73.59,69.69,70.16,75.04,0.34,1.00
42.06,46.94,56.29,73.70,103.72,144.44,185.82,234.49,500.00,451.32,93.69,73.41,68.59,67.55,70.91,0.34,1.00
44.76,49.43,58.02,74.36,98.73,132.30,168.56,209.95,281.49,456.71,104.22,77.35,66.84,65.26,67.03,0.34,0.52
47.23,51.85,60.46,74.96,97.58,126.66,159.93,198.37,263.41,454.66,386.75,80.01,66.36,63.40,64.98,0.34,0.17
51.47,56.52,65.76,78.82,98.54,124.56,154.65,191.56,257.38,440.74,376.62,79.82,66.70,60.27,62.05,0.34,-0.28
55.56,61.58,69.57,83.57,102.39,126.37,152.10,192.63,266.08,424.27,362.19,77.41,65.51,59.36,59.50,0.34,-0.63
59.51,64.59,73.42,85.81,103.42,125.16,150.16,194.67,497.62,410.66,350.32,75.18,64.30,58.74,57.04,0.34,-0.63
62.63,67.48,76.48,88.26,104.28,124.36,148.67,194.89,475.88,398.91,340.07,77.17,63.05,58.02,56.34,0.34,-0.63
65.03,70.54,78.18,90.32,105.44,123.88,147.59,194.12,457.78,388.11,328.79,78.62,61.75,57.20,55.88,0.34,-0.63
67.45,72.89,79.99,90.77,105.42,122.52,146.85,193.67,442.13,377.67,319.00,79.57,60.46,56.34,55.34,0.34,-0.63
72.34,75.95,82.99,92.45,104.18,119.74,146.49,193.22,414.11,358.58,301.29,80.30,59.83,54.24,53.83,0.34,-0.63
75.19,79.20,84.24,92.17,102.81,117.73,149.01,195.58,389.12,340.96,285.18,80.13,61.30,51.76,51.90,0.34,-0.63
78.58,80.67,86.15,92.65,102.18,119.20,152.96,447.06,367.43,323.31,266.37,77.86,60.42,51.95,49.86,0.34,-0.98
79.91,82.56,86.12,92.57,102.28,121.85,155.81,415.17,350.25,306.41,246.99,78.36,59.38,51.82,48.11,0.34,-0.98
82.66,83.35,86.73,92.18,104.12,129.22,161.76,375.10,325.21,283.02,221.66,77.23,57.11,50.91,48.10,0.34,-0.98
83.46,84.06,86.16,93.29,108.92,132.81,425.65,342.81,301.90,258.78,193.96,75.08,54.41,49.45,47.50,0.34,-0.98
84.25,83.40,86.97,96.39,114.22,137.95,376.14,315.90,279.21,236.53,168.29,72.21,54.09,47.41,46.28,0.34,-0.98
83.51,83.71,88.49,100.97,116.94,150.02,345.73,297.54,260.52,220.11,152.86,69.79,53.88,45.75,45.01,0.34,-0.98
83.83,85.53,93.36,104.65,121.84,391.32,311.22,272.45,237.93,194.15,130.84,66.66,52.76,45.87,42.62,0.34,-0.98
85.40,89.51,97.28,108.29,137.82,343.01,284.76,251.49,215.15,173.41,112.46,65.29,51.11,45.34,42.67,0.34,-0.98
87.24,92.58,98.47,110.32,433.52,318.19,268.91,236.21,201.60,162.31,108.97,66.33,50.56,45.31,43.00,0.34,-0.65
89.08,92.68,98.75,114.04,406.62,302.32,257.78,225.26,192.48,155.50,110.95,68.68,52.12,45.59,43.44,0.34,-0.36
90.49,92.47,98.39,116.03,390.17,291.43,248.97,217.28,185.91,151.21,111.83,72.23,54.94,46.21,44.04,0.34,-0.10
90.71,91.91,97.46,118.41,381.48,284.10,242.32,211.44,181.21,148.86,112.82,77.42,58.41,49.02,44.84,0.34,0.14
90.30,91.25,97.16,121.79,373.71,277.60,236.44,206.28,177.06,146.81,113.75,82.21,61.54,51.54,46.34,0.34,0.14
89.88,90.57,97.56,124.95,366.09,271.26,230.73,201.28,173.06,144.85,114.72,86.97,64.66,54.03,48.51,0.34,0.14
89.44,89.88,97.91,127.89,358.62,265.10,225.20,196.45,169.19,142.98,115.71,91.58,67.97,56.49,50.64,0.34,0.14
88.26,88.64,98.77,146.15,342.73,252.13,213.59,186.34,161.16,139.19,116.13,92.96,75.15,61.93,55.24,0.34,0.14
86.60,87.91,99.65,500.00,344.57,246.90,206.51,180.38,156.65,136.36,115.48,97.29,82.77,69.22,60.88,0.34,0.52
83.94,85.10,96.09,142.51,375.74,251.64,203.01,175.28,153.17,134.68,119.51,103.83,89.72,80.03,70.52,0.34,0.97
81.21,81.80,92.05,125.48,420.57,260.66,201.24,171.62,151.36,134.10,119.55,107.04,97.11,86.59,80.38,0.34,1.00
79.49,79.37,88.86,117.63,449.51,271.91,200.98,169.67,148.70,131.47,118.65,110.00,98.97,92.99,85.04,0.34,1.00
77.83,77.95,86.08,112.39,477.78,286.84,201.91,167.16,145.60,129.88,118.61,108.59,101.33,94.72,89.75,0.34,1.00
74.66,75.26,81.82,105.19,500.00,319.89,207.23,164.58,142.05,128.11,115.54,107.83,102.43,97.84,94.75,0.34,1.00
72.04,72.98,79.39,100.42,500.00,356.14,213.76,163.60,140.14,124.43,113.92,106.66,101.41,100.12,96.77,0.34,1.00
69.70,69.39,75.67,94.17,500.00,402.37,228.18,164.04,136.75,120.78,111.54,104.03,100.85,98.52,100.55,0.34,1.00
67.57,66.38,72.66,89.70,500.00,438.21,247.95,167.40,135.08,118.88,108.11,102.95,98.45,98.27,98.97,0.34,1.00
64.22,63.63,68.45,83.99,500.00,466.63,286.02,174.90,134.47,115.71,105.02,99.18,96.79,95.79,98.44,0.34,1.00
60.23,60.40,63.78,78.19,234.75,493.34,340.76,187.61,136.53,113.79,102.35,95.74,93.59,93.98,96.17,0.34,1.00
57.50,56.69,60.67,72.46,186.82,500.00,388.54,212.33,142.39,113.47,99.88,93.38,90.06,91.05,94.25,0.34,1.00
53.84,52.38,57.05,67.34,152.51,500.00,421.00,254.17,152.77,116.17,98.85,90.59,87.65,87.28,91.22,0.34,1.00
50.70,50.47,54.16,64.74,125.38,500.00,446.55,298.56,165.72,120.36,99.11,89.41,85.34,85.46,88.11,0.34,1.00
48.15,48.42,51.29,62.13,110.32,228.66,459.93,328.42,183.39,125.83,101.16,89.08,83.95,83.33,86.11,0.34,1.00
45.31,44.78,47.87,57.75,94.80,180.74,482.89,369.89,220.77,138.15,106.56,90.68,83.34,81.28,83.40,0.34,1.00
42.48,41.58,45.81,54.00,85.37,152.13,492.91,396.98,264.97,154.76,113.02,94.02,84.10,80.65,81.58,0.34,1.00
39.80,40.85,44.55,52.20,82.70,138.53,497.16,407.90,282.05,167.49,117.68,96.40,85.30,80.30,80.53,0.34,0.68
39.40,40.52,43.98,57.52,86.16,132.41,489.88,402.39,287.79,174.62,121.09,97.32,85.63,80.03,79.24,0.34,0.24
40.04,42.67,50.97,66.49,93.51,138.02,467.72,382.57,270.42,167.61,118.00,94.87,83.88,78.72,77.83,0.34,-0.20
42.36,47.31,56.64,72.67,96.94,142.01,451.14,367.74,257.67,162.29,115.54,93.06,82.44,77.60,76.94,0.34,-0.20
45.90,51.41,60.66,76.50,99.60,145.81,437.33,355.38,247.17,157.79,113.38,91.75,81.13,76.57,76.10,0.34,-0.20
49.18,54.67,64.43,78.45,101.84,149.91,425.12,341.86,237.97,153.76,111.38,90.50,79.89,75.57,75.28,0.34,-0.20
52.13,57.55,67.31,80.36,104.05,154.03,414.09,329.70,229.73,150.07,109.49,89.30,78.73,74.61,74.47,0.34,-0.20
57.01,62.83,70.19,83.58,107.97,172.82,394.02,307.78,214.79,143.14,105.81,86.88,76.96,72.62,72.75,0.34,-0.20
61.01,64.79,72.57,86.10,111.26,446.81,378.69,291.26,203.50,137.76,102.85,84.87,75.47,71.15,71.29,0.34,-0.20
62.73,66.54,74.20,88.16,114.43,433.76,364.13,277.97,194.40,133.32,100.28,83.15,74.16,70.10,70.00,0.34,-0.20
65.35,69.13,77.11,91.46,120.25,413.48,339.67,257.46,180.24,126.21,95.86,80.21,71.88,68.21,68.16,0.34,-0.20
67.23,71.02,79.13,94.27,129.36,398.59,321.88,242.55,169.92,120.89,92.47,77.90,70.06,66.69,66.82,0.34,-0.20
68.72,72.74,80.98,97.07,141.64,382.74,306.81,229.91,161.14,116.28,89.48,75.81,68.40,65.28,65.57,0.34,-0.20
70.15,74.14,82.77,99.77,434.14,368.46,293.55,218.79,153.39,112.13,86.74,73.74,66.85,63.94,64.38,0.34,-0.20
71.47,75.50,84.62,102.46,424.19,355.62,281.64,208.79,146.39,108.34,84.20,71.80,65.37,62.66,63.21,0.34,-0.20
72.61,76.86,86.48,108.54,414.65,343.77,270.63,199.55,139.91,104.77,81.78,69.94,63.89,61.41,62.07,0.34,-0.20
73.54,77.86,87.65,112.88,405.66,334.86,262.36,192.75,135.57,102.81,80.20,68.57,62.62,60.31,60.94,0.34,0.02
74.12,78.39,88.02,114.98,400.35,329.36,257.25,188.74,133.52,102.02,79.58,67.82,61.79,59.49,60.03,0.34,0.23
74.41,78.43,87.61,115.13,397.93,326.47,254.55,186.93,133.55,101.01,79.89,67.67,61.36,58.82,59.26,0.34,0.45
73.41,76.09,84.84,107.32,399.67,334.81,262.57,195.98,146.07,105.32,85.71,70.96,63.02,59.36,58.89,0.34,0.90
72.42,74.12,82.64,103.88,402.02,338.28,271.28,205.87,150.59,110.28,87.61,74.56,65.15,60.54,59.32,0.34,0.90
71.33,72.22,80.57,101.24,405.24,340.38,273.92,209.60,153.78,116.17,90.18,76.84,67.71,62.17,60.26,0.34,0.90
70.14,70.75,78.58,98.79,407.22,343.24,276.14,212.27,157.80,123.01,93.31,78.33,70.54,64.12,61.55,0.34,0.90
68.84,69.70,76.58,96.40,407.25,346.89,279.15,215.78,162.79,125.91,97.11,80.30,71.51,66.43,63.17,0.34,0.90
67.33,68.48,74.45,93.91,407.91,350.74,283.20,220.43,169.20,128.02,101.87,82.89,72.95,68.20,65.20,0.34,0.90
65.75,67.13,72.27,91.44,409.22,351.25,288.25,226.22,174.68,130.83,107.52,86.03,74.83,69.28,67.57,0.34,0.90
64.95,65.79,70.21,89.17,411.01,352.28,290.84,230.88,176.26,134.10,109.19,89.46,76.93,70.59,68.38,0.34,0.90
63.99,64.31,68.07,86.84,411.87,353.89,292.05,232.12,178.48,138.18,110.82,93.52,79.48,72.26,69.43,0.34,0.90
62.65,62.37,67.14,83.99,411.15,356.63,294.29,234.41,182.05,144.23,113.46,97.54,83.13,74.73,71.11,0.34,0.90
61.24,60.44,66.12,81.36,145.45,359.91,297.16,237.33,186.29,149.16,116.56,98.94,87.05,77.43,73.02,0.34,0.90
59.70,58.44,64.96,78.76,121.48,359.67,300.80,241.04,191.44,150.70,120.29,100.78,90.63,80.49,75.23,0.34,0.90
55.60,56.08,61.78,73.32,105.35,360.92,304.76,249.03,197.99,156.30,130.94,106.66,93.85,87.71,81.32,0.34,0.90
52.90,54.37,58.97,69.73,95.82,363.78,307.07,251.57,201.64,162.96,133.42,113.06,97.65,89.91,87.25,0.34,0.90
51.86,52.72,56.50,66.71,88.89,364.12,310.28,254.99,206.04,170.09,136.49,118.92,101.66,92.43,88.82,0.34,0.90
49.37,49.34,52.55,61.35,78.71,363.70,313.29,262.39,214.32,173.20,143.99,122.36,110.27,98.17,92.65,0.34,0.90
47.00,46.35,49.85,57.12,73.01,365.05,314.16,263.54,216.56,177.39,151.28,126.48,113.14,103.89,96.64,0.34,0.90
44.62,44.47,47.31,53.40,68.40,364.70,316.14,265.77,219.79,182.45,152.87,131.15,115.65,108.28,100.83,0.34,0.90
41.41,41.15,43.03,47.60,61.58,363.67,317.78,271.52,227.22,188.00,157.19,138.49,121.04,111.30,108.03,0.34,0.90
38.87,38.14,39.36,42.92,56.41,364.32,317.27,271.57,228.24,190.53,162.27,140.51,126.69,114.79,109.97,0.34,0.90
34.59,33.36,33.85,39.03,49.36,85.38,318.69,273.42,231.57,196.47,168.11,145.25,131.40,121.26,114.13,0.34,0.90
30.56,29.22,31.29,35.61,43.85,70.45,318.22,276.82,236.27,200.37,170.53,150.71,134.11,126.52,118.60,0.34,0.90
26.11,26.08,27.42,30.53,36.49,56.23,317.41,275.58,236.84,202.67,176.15,155.01,139.70,129.34,126.23,0.34,0.90
23.47,23.13,23.99,26.28,30.75,47.43,318.44,276.11,238.48,206.28,180.08,157.73,145.25,132.82,127.95,0.34,0.90
20.70,20.16,20.66,22.33,27.69,40.60,318.41,277.65,241.29,208.95,181.12,161.28,146.52,136.86,130.25,0.34,0.90
17.80,17.15,17.40,19.90,24.70,34.86,319.20,276.20,240.76,208.98,183.00,165.53,148.47,141.01,133.05,0.34,0.90
14.98,15.17,16.19,18.35,22.48,31.01,317.77,273.47,238.49,208.04,183.88,165.03,149.99,141.40,135.68,0.34,0.65
14.18,14.31,15.20,17.14,20.84,28.38,314.23,269.50,235.20,206.08,183.68,163.99,150.92,141.63,137.92,0.34,0.43
13.17,13.29,14.13,15.94,19.40,43.50,297.04,254.65,222.66,196.60,176.90,158.96,149.78,140.62,139.10,0.34,-0.02
12.15,12.27,14.54,19.13,30.14,348.73,279.29,239.30,209.69,186.78,168.15,153.74,145.57,139.56,138.10,0.34,-0.02
14.75,16.36,19.47,25.63,45.47,330.82,266.14,227.91,200.07,179.49,161.64,149.85,141.93,138.75,137.34,0.34,-0.02
19.66,21.82,25.99,39.90,500.00,307.47,248.95,213.02,187.47,169.75,153.12,144.74,137.15,136.83,136.32,0.34,-0.02
23.19,25.99,35.48,60.88,500.00,292.10,236.64,202.35,178.44,161.63,147.00,140.19,133.71,133.44,135.58,0.34,-0.02
31.57,38.46,52.56,500.00,500.00,271.09,219.43,187.43,165.80,150.25,138.41,132.06,128.87,128.66,134.52,0.34,-0.02
42.04,53.79,177.40,500.00,500.00,249.74,201.93,172.23,152.92,138.64,129.65,123.75,123.91,123.76,130.13,0.34,-0.02
56.01,79.58,274.84,500.00,355.16,228.76,184.70,157.26,140.23,127.20,120.99,115.54,116.12,118.90,125.07,0.34,-0.02
67.62,108.15,283.50,500.00,358.55,218.77,174.92,148.14,132.69,119.61,114.08,109.91,109.89,115.42,120.75,0.34,0.33
74.68,121.90,273.77,500.00,500.00,214.96,169.44,142.51,126.55,114.52,108.33,106.10,105.26,109.90,117.37,0.34,0.61
83.80,125.14,233.32,493.09,500.00,221.31,167.42,138.38,119.49,109.54,101.32,98.85,99.73,101.95,109.90,0.34,1.00
90.50,126.02,207.51,384.93,500.00,241.92,167.72,134.11,114.23,102.73,96.33,92.11,92.69,96.68,102.02,0.34,1.00
95.94,125.36,182.44,298.36,500.00,500.00,170.87,131.00,109.80,96.07,89.14,86.48,84.98,87.86,95.92,0.34,1.00
98.52,124.68,171.61,265.10,491.93,500.00,175.52,130.41,106.58,92.89,84.75,81.69,81.40,82.92,89.03,0.34,1.00
100.39,123.87,163.85,242.89,422.32,500.00,185.72,130.73,104.50,90.69,81.63,77.65,77.76,79.55,84.25,0.34,1.00
102.34,121.45,153.12,215.01,339.18,500.00,232.98,133.24,103.09,86.81,78.30,72.88,71.52,73.84,78.96,0.34,1.00
103.44,119.16,145.34,195.88,286.89,497.72,500.00,138.55,103.45,84.83,74.95,70.12,67.62,68.61,73.37,0.34,1.00
104.04,117.18,139.58,182.06,254.32,425.82,500.00,150.75,104.54,84.23,72.99,67.38,65.33,65.35,68.83,0.34,1.00
104.35,115.47,135.10,171.98,232.66,372.96,500.00,169.02,106.64,84.41,72.00,65.57,63.10,63.33,65.88,0.34,1.00
104.47,113.83,131.19,163.61,215.71,332.10,500.00,500.00,109.75,84.82,71.66,64.42,61.30,61.40,63.81,0.34,1.00
104.46,112.29,127.76,156.60,202.16,299.91,496.53,500.00,114.77,85.83,71.80,63.81,60.09,59.60,62.22,0.34,1.00
103.74,108.64,120.72,143.36,178.41,247.07,402.54,500.00,139.67,90.60,73.20,64.11,59.24,57.61,58.94,0.34,1.00
102.22,104.58,113.70,131.14,158.05,206.59,316.85,500.00,500.00,104.54,77.24,65.72,59.81,57.36,57.52,0.34,1.00
100.56,101.28,108.39,122.37,144.20,181.94,264.68,433.34,500.00,124.58,84.12,68.45,61.12,57.82,57.56,0.34,1.00
99.15,98.93,105.08,116.80,135.71,168.04,236.81,386.74,500.00,154.51,91.46,70.54,62.23,58.28,57.52,0.34,0.70
96.92,96.72,102.25,111.54,127.93,156.84,217.41,350.75,500.00,500.00,97.95,74.48,62.76,58.44,57.36,0.34,0.26
95.31,95.84,100.42,109.31,124.68,153.33,213.42,345.17,500.00,500.00,100.72,75.30,63.46,57.79,56.82,0.34,-0.09
94.85,95.89,99.57,108.56,124.26,154.43,218.45,354.42,500.00,500.00,99.40,74.01,62.91,57.19,55.91,0.34,-0.39
95.85,96.13,101.10,110.83,129.86,167.51,246.39,399.72,500.00,165.05,88.92,68.16,59.31,54.93,53.65,0.34,-0.82
95.83,97.18,102.31,113.85,136.09,180.59,271.32,439.27,500.00,134.35,81.55,63.55,56.23,52.79,52.21,0.34,-0.82
96.37,97.94,104.09,117.38,143.14,194.26,300.48,456.58,500.00,116.37,75.65,59.94,53.41,50.71,50.68,0.34,-0.82
97.24,99.06,106.41,121.54,151.09,208.63,325.80,466.62,500.00,103.13,70.38,56.84,50.62,48.54,48.99,0.34,-0.82
97.89,100.64,109.23,126.53,159.61,223.74,346.75,469.50,497.67,92.55,65.50,53.80,47.80,46.27,47.13,0.34,-0.82
100.50,105.09,116.33,138.25,178.85,258.37,398.00,469.53,192.53,76.05,56.59,47.75,43.18,41.40,42.87,0.34,-0.82
103.45,109.58,123.40,148.97,196.33,288.23,416.97,465.72,124.93,65.50,50.05,43.03,39.47,38.22,39.10,0.34,-0.82
106.83,114.66,130.80,160.15,213.30,312.14,427.15,460.81,92.56,57.03,44.30,38.67,35.90,35.15,36.21,0.34,-0.82
110.51,120.05,138.34,171.45,232.57,342.66,429.54,453.08,77.01,49.93,39.15,34.62,32.49,32.12,33.42,0.34,-0.82
116.45,127.32,147.75,183.47,250.69,359.04,421.63,436.83,62.34,41.85,32.73,28.35,26.83,26.73,28.04,0.34,-0.36
119.91,130.82,151.27,186.71,253.04,354.06,410.73,424.60,56.59,38.01,29.74,25.48,23.30,22.87,23.99,0.34,-0.01
121.67,132.06,151.49,184.98,247.28,342.45,399.03,415.56,60.11,36.45,28.26,24.07,21.91,21.08,21.34,0.34,0.28
123.34,133.12,151.51,183.00,240.87,329.99,386.32,403.50,65.63,35.04,26.89,22.74,20.59,19.72,19.88,0.34,0.28
125.25,133.84,150.55,180.03,231.50,313.38,368.37,387.30,76.39,38.06,26.16,21.38,19.22,18.29,18.32,0.34,0.28
126.57,134.20,149.44,177.48,224.10,300.49,353.49,374.56,87.46,41.84,28.21,22.12,18.97,17.42,17.37,0.34,0.28
127.64,134.28,147.71,173.98,214.85,284.42,335.22,357.46,104.45,48.07,31.70,24.51,20.84,18.94,18.20,0.34,0.28
128.19,133.68,145.77,170.17,206.11,269.28,318.22,340.43,123.30,55.33,35.85,27.44,23.12,20.88,19.94,0.34,0.28
128.44,132.84,144.23,166.51,199.43,258.01,305.34,327.51,331.49,62.29,39.47,29.99,25.20,22.64,21.52,0.34,0.28
128.52,131.96,142.75,163.18,193.52,248.27,294.07,316.22,323.11,68.28,43.22,32.51,27.14,24.34,23.12,0.34,0.28
128.41,131.00,141.24,159.95,187.93,239.22,283.50,305.62,315.27,74.49,47.31,35.22,29.22,26.08,24.67,0.34,0.28
127.91,130.05,139.80,157.01,182.94,231.30,273.69,295.67,306.50,80.91,50.70,37.92,31.28,27.80,26.20,0.34,0.28
127.40,129.16,138.47,154.38,178.57,224.45,264.77,286.79,298.45,97.11,53.82,40.36,33.24,29.44,27.66,0.34,0.28
126.81,128.26,137.07,151.71,174.35,217.69,255.96,278.01,290.49,285.34,57.29,42.62,35.34,31.21,29.23,0.33,0.28
126.13,127.29,135.23,148.99,170.28,211.01,247.26,269.30,282.61,279.88,61.11,45.09,37.20,33.07,30.91,0.31,0.28
125.41,126.29,133.26,145.92,166.34,204.64,238.96,260.98,275.08,274.70,66.18,47.68,39.14,34.67,32.58,0.29,0.28
123.98,124.39,129.75,140.46,159.64,194.02,225.19,247.15,262.05,264.66,89.67,52.62,42.82,37.69,35.24,0.26,0.28
122.69,122.59,126.57,135.62,153.80,184.93,213.40,235.26,249.46,255.86,253.31,62.67,46.38,40.60,37.78,0.24,0.28
121.58,120.96,124.51,132.43,150.89,178.95,205.30,225.78,239.61,247.73,244.59,71.05,50.72,42.66,39.69,0.22,0.01
120.52,119.18,122.46,130.38,150.24,174.10,198.50,215.27,228.93,236.85,234.97,76.83,55.74,45.52,41.26,0.22,-0.32
119.48,118.47,121.19,131.48,150.55,172.45,193.22,207.54,221.22,227.37,227.20,100.48,57.91,47.98,42.79,0.22,-0.60
118.54,117.78,121.18,134.45,152.88,171.45,188.43,201.83,213.92,218.95,221.37,110.72,58.19,49.04,44.29,0.22,-0.86
118.38,117.41,123.56,136.90,153.09,170.37,184.91,196.25,206.91,211.14,216.43,107.82,57.47,49.30,45.15,0.22,-1.00
117.77,120.18,129.09,140.83,153.66,165.77,175.57,185.91,195.50,196.31,208.26,101.49,56.13,48.53,45.49,0.22,-1.00
120.37,125.48,133.37,142.35,151.91,159.19,166.41,174.93,180.25,182.49,204.34,282.50,60.43,46.77,44.80,0.22,-1.00
124.72,128.93,134.17,140.87,146.54,151.78,158.42,165.66,169.22,172.83,202.84,296.49,62.05,48.86,43.69,0.22,-1.00
129.52,130.85,133.60,135.87,138.04,141.54,146.97,151.62,153.37,162.43,203.92,324.48,62.07,51.05,45.29,0.22,-1.00
130.57,130.55,131.03,131.04,131.42,133.96,137.66,140.06,142.39,155.64,207.24,343.25,61.31,51.77,46.83,0.22,-1.00
131.08,128.37,125.08,121.91,121.43,123.09,125.58,126.27,129.03,149.18,224.99,369.00,64.70,51.48,47.68,0.22,-1.00
130.17,123.21,117.59,114.47,114.50,114.11,113.87,114.78,120.64,146.64,240.28,399.27,68.95,50.67,47.75,0.22,-1.00
123.69,114.42,108.04,104.94,101.93,100.44,99.61,100.44,110.80,145.67,272.89,460.92,71.29,54.36,46.74,0.22,-1.00
116.62,106.87,100.16,94.97,92.50,88.61,87.68,89.83,103.48,148.04,298.66,500.00,71.74,56.78,49.02,0.22,-1.00
110.34,99.62,92.31,87.41,81.90,79.34,78.33,83.05,98.67,154.80,318.04,500.00,71.43,58.08,51.09,0.22,-1.00
98.89,87.63,80.31,71.67,67.22,64.39,65.04,73.36,94.95,184.36,366.91,500.00,74.44,58.64,52.97,0.22,-1.00
88.25,77.57,65.92,59.40,54.87,53.47,57.20,65.98,93.57,219.17,430.79,500.00,76.72,58.38,53.77,0.22,-1.00
71.73,57.75,48.62,43.37,41.29,43.32,48.09,60.45,97.59,260.07,500.00,500.00,77.16,60.09,53.67,0.22,-1.00
53.98,41.85,35.63,33.73,34.19,36.51,42.09,57.97,119.89,294.76,500.00,471.66,76.50,61.69,53.95,0.22,-1.00
38.17,31.16,28.85,28.17,28.95,31.48,39.54,57.33,145.88,346.20,500.00,217.85,75.49,62.40,55.55,0.22,-1.00
24.77,22.15,20.98,21.54,23.92,28.49,37.55,62.11,204.46,500.00,500.00,136.91,74.47,62.20,56.81,0.22,-1.00
18.87,18.17,18.41,19.65,22.27,27.28,38.61,87.33,234.32,500.00,485.91,123.39,75.49,61.46,57.18,0.22,-1.00
17.25,16.84,17.29,18.74,21.78,27.86,41.53,112.28,275.71,500.00,436.29,115.84,75.54,60.47,57.09,0.22,-1.00
16.47,16.54,17.50,19.62,23.67,31.85,64.31,167.78,500.00,500.00,346.74,106.23,74.17,61.05,55.97,0.22,-1.00
17.24,17.60,18.95,21.70,28.14,44.37,87.50,197.55,500.00,477.16,218.14,99.90,72.49,61.30,55.52,0.22,-1.00
19.94,21.38,24.35,30.03,41.26,64.28,135.07,276.01,500.00,406.45,158.55,92.16,69.39,60.49,56.11,0.22,-1.00
26.30,28.87,33.41,41.05,56.89,95.46,168.74,500.00,473.92,330.20,129.08,84.68,66.29,58.68,55.68,0.22,-1.00
32.17,34.84,40.19,50.30,71.15,114.07,196.04,500.00,435.99,286.92,122.07,83.38,66.84,58.21,55.70,0.22,-0.54
35.15,38.21,44.17,55.26,77.42,116.52,206.22,500.00,421.24,277.84,123.73,85.22,68.48,59.90,55.99,0.22,-0.22
37.34,40.50,46.55,58.17,79.91,114.99,203.17,500.00,415.40,281.70,130.79,89.08,70.94,62.02,57.65,0.22,0.04
39.23,42.34,48.64,60.16,82.08,113.55,200.47,500.00,410.20,285.19,137.16,92.55,73.26,63.91,59.39,0.22,0.04
42.41,45.73,52.01,63.19,80.50,110.59,195.29,487.48,400.47,288.80,150.08,99.20,78.38,67.58,62.70,0.22,0.04
45.52,48.41,54.49,64.39,78.70,107.55,188.10,473.85,390.74,288.34,169.81,107.12,83.61,72.00,66.13,0.22,0.04
47.27,50.13,55.97,63.28,77.21,105.14,182.16,463.15,383.13,288.06,182.41,113.48,87.91,75.50,69.30,0.22,0.04
48.69,51.60,55.14,62.29,75.77,103.18,176.99,453.82,376.49,287.34,190.05,119.12,92.14,78.60,72.09,0.22,0.04
49.91,51.10,54.38,61.40,74.48,101.44,172.45,445.61,370.67,285.13,196.87,125.97,95.91,81.47,74.57,0.22,0.04
49.94,50.42,53.63,60.40,73.21,99.72,168.04,437.62,365.00,283.00,201.19,132.99,99.61,84.55,77.00,0.22,0.04
49.35,49.81,52.93,59.50,72.06,98.17,164.14,430.54,359.72,281.13,203.36,139.28,102.92,87.29,79.24,0.22,0.04
48.49,48.90,51.81,58.19,70.51,96.12,158.58,420.47,351.64,278.51,206.54,146.85,108.78,91.24,82.76,0.22,0.04
47.72,47.99,50.82,57.04,69.19,94.52,154.01,411.77,344.66,276.28,209.35,151.70,114.42,94.68,85.82,0.22,0.04
47.18,47.57,50.51,56.97,69.47,96.15,157.72,398.58,334.22,268.72,206.15,152.76,117.41,96.86,87.96,0.22,-0.22
47.65,48.67,52.55,60.42,75.96,107.74,238.53,365.50,304.84,243.40,189.76,145.21,115.86,97.67,89.20,0.22,-0.65
50.18,52.43,57.94,69.07,90.18,133.95,392.81,326.78,269.73,213.14,167.02,132.39,109.84,95.36,88.52,0.22,-1.00
53.49,56.87,64.53,78.87,103.85,189.06,352.89,294.90,239.79,190.33,151.42,123.13,105.12,93.25,87.74,0.22,-1.00
56.98,61.77,71.34,87.09,120.33,407.44,325.78,270.05,218.59,173.64,140.15,116.19,101.35,91.37,87.16,0.22,-1.00
65.07,71.89,83.42,106.62,183.95,344.21,283.69,232.89,184.91,149.88,123.45,105.30,94.46,87.66,85.42,0.22,-1.00
72.41,80.28,95.89,131.58,396.24,306.78,252.74,202.98,163.02,133.67,111.82,97.41,89.07,84.56,83.74,0.22,-1.00
78.92,89.09,109.94,173.65,347.31,279.88,225.33,180.55,144.60,119.98,102.53,90.89,84.40,81.71,82.03,0.22,-1.00
84.69,97.41,125.13,434.63,318.57,256.94,206.81,163.43,131.95,110.58,95.71,86.10,80.72,79.41,80.42,0.22,-0.73
93.99,109.60,150.04,392.05,287.24,229.71,182.71,143.13,116.38,99.10,86.46,79.78,75.26,74.77,77.35,0.22,-0.27
99.65,118.24,165.49,373.50,272.05,215.35,169.28,132.24,107.80,92.33,80.97,75.05,71.85,71.29,74.45,0.22,0.08
103.44,122.67,169.26,372.50,263.95,205.98,161.53,125.01,101.94,86.10,76.90,70.53,68.30,68.14,70.49,0.22,0.49
106.93,125.68,177.68,372.22,257.38,198.37,153.79,119.34,96.17,81.37,72.96,67.29,64.68,65.41,67.83,0.22,0.49
109.80,128.48,183.05,372.42,251.77,191.88,147.20,113.81,91.27,77.58,69.03,64.84,61.92,62.24,65.88,0.22,0.49
112.22,131.11,186.91,373.03,246.55,185.82,141.10,108.56,86.87,74.27,65.60,61.51,59.62,59.59,62.70,0.22,0.49
114.38,133.37,189.87,374.08,241.41,179.84,135.13,103.50,82.69,70.51,62.44,58.20,57.18,57.26,59.90,0.22,0.49
116.18,135.21,202.91,374.32,236.70,174.31,129.65,98.91,78.97,66.83,59.71,55.35,54.10,55.35,57.60,0.22,0.49
117.13,135.40,199.24,379.54,235.96,171.42,125.93,95.76,76.37,63.87,57.36,53.00,51.43,52.50,55.61,0.22,0.71
116.99,133.07,178.22,401.07,243.86,173.24,124.62,94.56,73.98,61.44,54.22,50.79,48.75,49.08,52.05,0.22,1.00
116.75,130.90,169.86,413.47,254.67,174.65,124.44,92.95,71.71,59.85,51.90,47.94,46.72,46.67,48.82,0.22,1.00
116.67,129.08,163.73,423.47,269.79,174.69,123.61,90.66,70.30,57.97,50.41,45.99,44.32,44.95,46.71,0.22,1.00
116.04,125.69,154.32,432.72,305.96,177.00,122.51,88.16,69.36,55.42,48.06,43.92,41.53,41.36,43.35,0.22,1.00
115.41,123.07,147.93,435.88,336.24,181.14,123.16,87.31,66.48,54.32,46.14,41.94,40.19,39.45,40.76,0.22,1.00
113.96,118.96,139.35,436.99,368.85,194.80,126.79,86.55,64.03,52.04,45.06,39.94,37.56,37.21,38.79,0.22,1.00
112.77,115.94,133.65,436.45,383.02,214.37,126.86,85.68,63.38,50.02,43.09,39.40,36.45,35.58,36.53,0.22,1.00
110.58,112.30,126.06,196.63,393.43,266.50,130.46,87.44,62.53,49.06,40.97,36.76,34.92,34.92,35.16,0.22,1.00
107.93,108.41,118.75,158.37,399.01,313.15,141.07,90.02,62.32,48.41,40.61,35.49,32.99,32.33,33.34,0.22,1.00
105.84,105.56,113.75,146.75,397.24,331.75,156.38,90.70,63.74,47.78,39.81,35.48,32.45,31.34,31.84,0.22,1.00
102.46,101.35,106.98,133.49,397.10,349.93,207.22,95.13,65.76,48.99,39.44,34.45,32.01,31.36,31.33,0.22,1.00
98.16,96.40,99.61,121.22,393.89,354.18,263.19,108.25,67.43,51.14,41.19,34.93,31.70,30.42,30.71,0.22,1.00
95.64,92.47,94.57,113.03,393.75,355.89,288.27,128.97,71.04,51.62,42.20,36.47,32.48,30.66,30.49,0.22,1.00
91.41,86.50,88.55,102.53,148.72,354.76,308.75,192.30,82.96,55.17,43.28,37.14,34.02,32.69,31.83,0.22,1.00
86.46,80.86,85.25,97.24,139.48,347.44,303.61,213.10,91.08,57.17,43.45,36.67,33.16,31.72,31.93,0.22,0.57
82.00,78.43,83.84,96.10,150.99,337.87,294.88,212.17,93.79,56.89,42.63,35.69,32.14,30.63,30.72,0.22,0.24
77.82,78.06,83.49,100.25,373.33,327.44,283.58,201.25,90.70,54.68,41.04,34.21,30.81,29.37,29.48,0.22,-0.04
76.31,77.51,84.34,107.05,352.95,309.04,265.50,183.90,85.65,51.08,38.42,32.08,28.77,27.32,27.43,0.22,-0.04
75.89,77.14,88.33,116.02,337.67,295.18,251.94,170.98,81.83,48.33,36.41,30.43,27.32,25.96,25.98,0.22,-0.04
75.39,80.55,93.81,134.15,317.21,276.58,233.72,153.73,76.59,45.39,33.65,28.16,25.31,24.07,24.11,0.22,-0.04
76.94,84.02,100.45,164.33,302.53,262.85,220.28,141.09,72.14,43.26,31.93,26.45,23.79,22.64,22.69,0.22,-0.04
79.68,87.07,108.37,372.43,290.18,250.95,207.72,130.19,67.37,41.37,30.59,25.27,22.49,21.37,21.43,0.22,-0.04
82.17,90.86,115.57,353.60,279.12,240.28,194.19,120.46,63.08,39.65,29.36,24.28,21.62,20.41,20.29,0.22,-0.04
84.47,95.99,126.26,336.71,269.01,230.53,181.88,111.61,59.14,38.06,28.21,23.35,20.80,19.65,19.54,0.22,-0.04
86.64,100.85,137.38,320.96,259.54,220.64,170.38,103.34,55.45,36.54,27.12,22.46,20.02,18.92,18.82,0.22,-0.04
91.57,105.42,157.28,311.99,247.80,208.91,163.13,101.01,56.94,36.17,27.51,22.76,20.07,18.79,18.54,0.22,0.41
93.43,107.19,159.46,318.64,243.16,202.95,162.40,109.20,62.94,38.76,28.64,23.65,21.04,19.67,19.19,0.22,0.74
93.92,106.84,151.56,338.32,242.42,200.35,160.37,111.85,67.09,44.19,31.41,25.35,22.18,20.63,20.24,0.22,1.00
94.14,106.26,145.70,366.50,242.50,198.50,159.14,115.03,73.43,48.92,35.27,27.78,23.91,21.94,21.27,0.22,1.00
94.17,105.56,141.17,386.23,244.16,197.37,158.71,119.69,82.17,51.96,39.43,30.82,26.09,23.64,22.66,0.22,1.00
94.05,104.77,137.40,407.32,246.98,196.87,159.01,125.84,84.74,56.06,41.39,34.16,28.72,25.70,24.36,0.22,1.00
93.81,103.95,134.28,427.64,250.51,195.47,159.02,124.05,86.44,61.06,43.84,35.59,31.27,27.96,26.25,0.22,1.00
93.59,103.03,131.33,452.08,255.18,193.87,156.64,122.63,89.05,66.61,47.06,37.52,32.55,30.08,28.48,0.22,1.00
93.61,101.64,127.65,488.97,270.40,192.40,154.08,121.48,94.16,68.05,52.66,40.92,34.89,31.80,30.63,0.22,1.00
93.46,100.25,124.45,500.00,292.26,191.65,152.23,121.12,97.64,70.32,56.11,44.98,37.71,33.92,32.30,0.22,1.00
92.45,97.08,118.46,500.00,347.27,192.79,150.60,121.28,95.10,78.05,59.58,50.22,45.11,39.56,36.88,0.22,1.00
90.86,94.55,112.67,500.00,400.74,199.86,147.76,116.97,94.62,77.83,66.17,53.92,47.50,44.45,43.18,0.22,1.00
89.32,93.10,108.34,500.00,455.30,213.12,145.79,114.66,94.93,76.63,66.58,58.49,50.45,46.39,45.03,0.22,1.00
87.82,91.70,105.29,500.00,496.37,244.11,145.09,113.60,91.90,76.52,65.26,59.48,53.86,48.79,46.74,0.22,1.00
86.21,90.23,103.65,500.00,500.00,291.29,145.39,112.29,89.65,77.27,64.68,58.13,55.30,51.71,48.92,0.22,1.00
84.60,88.74,101.99,500.00,500.00,322.46,148.18,110.24,88.09,74.73,64.75,57.40,53.97,53.47,51.46,0.22,1.00
84.00,87.15,100.24,274.68,500.00,356.01,152.51,108.75,87.10,72.66,65.12,57.19,53.16,52.11,53.74,0.22,1.00
82.09,83.48,96.27,146.60,500.00,435.88,176.45,107.89,85.09,70.32,61.43,57.08,53.24,51.15,51.71,0.22,1.00
80.24,80.35,93.06,133.67,500.00,474.88,244.60,109.87,82.94,69.66,59.53,54.35,52.42,51.46,51.23,0.22,1.00
77.05,77.61,88.41,120.61,500.00,495.96,310.38,118.99,82.13,66.74,58.69,52.40,49.49,49.23,51.54,0.22,1.00
73.06,75.15,83.45,110.01,261.97,499.41,397.48,157.49,85.41,65.52,56.01,51.16,48.24,47.02,48.23,0.22,1.00
70.62,72.93,79.52,102.98,207.53,493.27,436.76,223.34,91.76,66.04,54.99,49.31,46.81,46.37,46.83,0.22,1.00
68.50,69.33,75.72,94.30,160.28,483.02,456.77,295.09,118.41,71.53,55.83,48.53,45.09,44.18,45.54,0.22,1.00
65.46,64.90,71.53,85.82,129.70,476.05,458.93,378.99,188.34,84.88,60.98,50.46,45.10,43.27,43.68,0.22,1.00
62.81,62.27,68.27,80.34,114.42,215.47,453.08,411.48,232.33,109.79,66.93,53.88,47.06,43.72,43.34,0.22,1.00
58.31,59.07,63.31,73.47,98.09,165.95,442.62,423.03,309.63,163.78,88.60,61.89,51.91,47.14,45.25,0.22,1.00
56.27,56.60,59.97,70.61,92.44,146.59,430.62,416.79,341.85,190.35,111.92,73.70,57.57,50.44,47.88,0.22,0.54
54.82,55.05,60.49,71.19,94.21,145.21,416.47,402.70,336.59,196.38,125.05,81.65,63.41,54.11,49.84,0.22,0.09
53.50,55.59,61.02,72.23,95.69,142.52,401.84,388.17,331.30,202.90,130.65,91.25,69.69,59.31,53.97,0.22,0.09
53.94,55.96,61.41,73.25,95.69,140.43,390.98,377.41,327.43,207.45,135.04,98.65,74.99,63.27,57.48,0.22,0.09
54.28,56.24,62.22,74.06,95.61,138.50,381.30,367.83,324.03,211.76,138.70,103.00,79.91,67.03,60.67,0.22,0.09
54.67,57.15,63.28,74.63,95.28,137.77,366.87,353.58,318.05,217.87,142.80,107.24,87.50,73.18,65.72,0.22,0.09
55.57,58.06,64.05,74.53,93.88,137.66,353.14,340.05,307.57,220.33,147.00,111.50,91.61,79.20,70.97,0.22,0.09
57.96,60.80,66.89,78.51,98.89,380.04,335.69,323.26,288.28,204.16,140.59,109.03,91.15,81.56,74.43,0.22,-0.37
61.98,65.63,73.35,86.90,118.94,339.86,317.68,301.36,249.06,175.61,125.64,100.91,86.85,79.28,75.35,0.22,-0.83
66.80,71.49,80.64,100.93,394.46,312.40,298.18,272.55,217.41,150.41,112.67,93.18,82.34,76.53,74.99,0.22,-0.83
71.09,76.62,89.12,120.83,333.23,297.66,283.89,252.43,190.74,133.83,103.38,87.25,78.64,74.08,73.51,0.22,-0.83
77.75,86.69,105.94,500.00,296.56,279.30,261.07,216.94,157.13,114.41,91.55,79.20,73.00,70.19,70.80,0.22,-0.83
84.48,96.34,132.09,341.94,279.24,262.28,238.79,193.36,139.57,103.67,84.29,73.69,68.49,67.02,68.11,0.22,-0.39
89.32,104.11,163.15,314.71,268.67,251.38,226.32,181.88,131.83,98.83,80.50,70.65,65.74,64.49,66.13,0.22,-0.07
93.49,112.29,500.00,304.41,256.86,238.63,215.46,175.92,130.48,98.14,78.79,68.69,63.48,61.79,63.29,0.22,0.38
95.10,114.25,470.60,308.83,249.90,230.69,211.49,178.38,136.62,99.99,80.22,68.83,63.04,60.73,61.51,0.22,0.73
97.63,115.49,450.65,354.37,244.17,224.17,208.57,177.12,136.34,102.20,82.25,69.56,63.00,60.33,60.54,0.22,0.73
100.63,118.48,426.47,500.00,235.67,214.58,197.44,170.18,136.94,107.99,84.54,72.13,64.17,60.52,60.11,0.22,0.73
102.89,121.13,405.46,500.00,228.47,203.55,185.81,164.12,139.71,110.25,88.59,74.22,66.71,61.93,60.62,0.22,0.73
103.06,119.48,373.99,500.00,231.03,195.36,177.00,162.84,138.92,113.87,95.37,79.29,69.64,64.99,62.84,0.22,1.00
102.69,117.33,163.59,431.23,237.19,187.67,168.79,154.99,135.54,120.71,98.07,86.00,74.85,68.34,65.92,0.22,1.00
102.50,115.54,153.99,402.48,500.00,182.33,162.65,147.12,134.14,117.10,101.97,87.54,80.21,72.23,68.58,0.22,1.00
102.48,112.70,144.49,373.43,500.00,176.26,153.12,137.82,128.75,114.10,103.54,91.95,82.25,77.94,73.95,0.22,1.00
101.91,109.56,136.32,344.89,429.41,178.60,144.54,129.70,118.46,113.16,100.18,94.10,86.56,80.26,78.49,0.22,1.00
101.26,107.53,130.82,319.47,384.94,183.44,138.63,122.95,111.46,105.86,98.80,91.28,88.96,83.29,80.21,0.22,1.00
99.79,105.15,123.80,285.72,352.89,500.00,131.76,113.74,103.38,96.10,94.19,89.36,85.33,85.76,84.36,0.22,1.00
98.45,103.20,119.30,251.58,332.85,500.00,128.48,107.33,97.04,89.56,86.44,87.78,83.74,82.90,86.37,0.22,1.00
96.04,100.10,113.94,178.85,307.67,358.86,132.58,99.79,88.00,82.20,77.71,77.36,81.06,81.03,82.72,0.22,1.00
93.95,97.60,110.08,157.75,284.15,330.28,139.42,94.66,81.76,75.28,72.01,70.61,72.84,79.33,81.23,0.22,1.00
91.87,93.78,104.75,140.43,254.37,301.78,500.00,92.46,74.55,67.05,63.83,63.31,64.01,68.19,77.09,0.22,1.00
90.17,90.63,100.72,129.96,232.50,282.36,334.04,95.99,69.61,61.40,57.50,56.74,58.41,61.21,67.88,0.22,1.00
87.33,86.07,95.31,118.39,200.93,257.94,292.01,106.37,68.17,55.32,50.69,49.04,49.92,53.57,58.92,0.22,1.00
84.73,82.99,91.05,110.47,176.31,236.00,269.38,500.00,71.41,52.35,46.12,43.92,44.02,46.46,51.94,0.22,1.00
80.64,79.47,85.29,101.02,149.53,209.07,244.59,283.97,80.38,55.18,43.68,38.75,38.09,39.39,43.02,0.22,1.00
77.02,76.51,80.78,94.30,132.69,190.29,226.66,254.95,500.00,59.49,45.52,38.42,34.74,35.09,37.68,0.22,1.00
74.69,74.22,77.96,90.57,125.12,177.17,212.97,238.11,500.00,62.61,46.80,38.93,34.81,32.98,33.79,0.22,0.69
73.22,72.41,76.80,88.61,122.32,168.76,202.14,226.40,500.00,425.60,47.35,39.05,34.71,32.72,32.48,0.22,0.42
71.86,70.93,76.33,88.35,121.49,164.18,194.46,217.54,291.40,426.02,47.12,38.74,34.35,32.31,32.02,0.22,0.17
69.86,71.59,77.83,96.05,128.18,158.90,186.14,206.45,500.00,409.31,43.63,36.19,32.30,30.55,30.42,0.22,-0.26
70.50,73.00,83.19,102.94,129.20,153.61,175.18,195.32,500.00,392.62,58.68,33.28,29.88,28.42,28.45,0.22,-0.26
71.84,77.23,90.01,108.42,129.47,147.19,164.51,184.37,500.00,376.73,70.98,41.76,30.67,26.03,26.19,0.22,-0.26
75.54,83.02,94.29,109.34,124.61,140.39,154.04,173.59,485.23,361.55,296.84,48.91,36.44,30.24,27.01,0.22,-0.26
80.60,87.83,99.20,112.00,123.03,136.53,147.34,169.29,447.06,342.81,282.27,51.00,38.86,32.72,29.53,0.22,-0.60
88.67,96.32,104.66,111.99,121.77,130.12,142.30,178.18,382.39,310.44,255.18,51.53,38.66,33.48,30.89,0.22,-1.00
95.13,99.93,105.20,111.40,118.57,125.39,140.08,480.99,347.45,287.78,233.33,63.17,37.86,33.43,31.34,0.22,-1.00
100.60,102.25,104.96,109.14,112.21,120.45,142.94,397.88,307.91,259.67,201.96,68.46,41.46,32.21,30.84,0.22,-1.00
102.46,102.32,104.31,104.30,107.76,118.46,162.05,348.28,282.13,237.71,183.52,69.35,45.40,35.05,29.92,0.22,-1.00
102.55,101.31,99.99,100.06,105.01,120.27,440.57,314.77,261.01,219.31,167.06,69.09,47.67,37.90,32.82,0.22,-1.00
101.81,99.49,96.34,96.75,103.47,127.25,389.82,290.41,243.17,204.66,148.12,71.24,48.88,39.76,34.99,0.22,-1.00
99.65,93.31,90.79,93.92,106.25,470.21,318.52,255.00,217.25,178.42,125.07,71.20,49.23,41.38,37.30,0.22,-1.00
94.41,88.63,88.32,94.96,119.43,397.58,279.31,230.09,195.27,158.02,111.11,69.90,49.48,41.91,38.46,0.22,-1.00
88.32,85.44,89.17,105.62,476.85,310.66,239.34,200.14,169.24,135.28,95.95,66.76,50.13,41.81,38.88,0.22,-1.00
85.61,85.01,92.75,121.53,420.66,273.95,216.95,183.15,154.65,123.52,90.10,67.18,51.68,43.78,39.70,0.22,-0.64
83.84,85.20,97.46,500.00,384.40,252.52,202.03,171.17,144.44,115.97,87.87,68.63,53.92,45.99,41.92,0.22,-0.34
83.55,86.77,101.87,500.00,363.02,239.21,191.40,162.12,136.83,110.99,87.99,68.84,56.85,48.53,44.28,0.22,-0.06
82.77,88.32,106.15,500.00,354.42,229.32,182.07,153.44,129.78,107.54,91.66,71.07,60.52,52.79,47.94,0.22,0.27
83.82,90.66,115.00,500.00,341.94,215.33,169.06,141.45,120.16,103.10,87.26,74.78,63.14,57.12,53.42,0.22,0.27
85.58,95.11,131.27,500.00,329.08,201.33,156.26,129.80,110.92,97.87,83.19,74.91,66.17,59.48,56.60,0.22,0.27
87.54,98.23,157.51,500.00,318.56,190.25,146.27,120.82,103.86,91.16,80.23,71.90,68.23,61.54,58.31,0.22,0.27
89.26,101.95,167.95,500.00,326.92,185.28,140.03,114.50,99.32,86.25,79.19,70.27,66.13,64.58,60.68,0.22,0.59
89.85,103.24,163.65,500.00,349.90,185.88,137.04,110.65,95.32,83.10,75.99,69.92,65.11,63.91,63.53,0.22,0.86
89.90,103.25,156.11,500.00,380.41,190.96,135.79,107.99,91.51,80.89,73.01,69.70,64.84,62.94,64.28,0.22,1.00
89.78,103.03,150.24,392.80,425.33,198.20,134.88,105.24,88.15,78.91,70.55,66.60,65.12,62.52,63.17,0.22,1.00
89.49,102.62,145.42,324.85,500.00,213.28,134.26,102.78,85.24,75.30,68.60,64.03,63.00,62.61,62.60,0.22,1.00
89.74,102.08,141.43,288.43,500.00,236.55,134.30,100.83,82.82,72.21,66.99,62.00,60.40,61.91,62.51,0.22,1.00
90.37,101.17,134.82,241.57,500.00,289.01,136.64,98.63,78.91,67.70,61.57,59.17,57.01,57.42,60.92,0.22,1.00
90.42,100.48,128.22,209.58,500.00,353.28,146.58,97.40,75.37,63.72,56.86,53.55,53.13,54.15,56.30,0.22,1.00
90.17,99.66,123.75,189.99,342.01,493.13,165.18,97.50,73.62,60.77,54.05,50.16,49.04,50.45,53.94,0.22,1.00
89.25,98.01,118.10,169.76,271.59,500.00,224.42,100.57,72.47,58.32,50.59,46.75,45.17,45.61,48.51,0.22,1.00
88.65,96.47,113.84,156.92,235.65,500.00,281.94,108.21,72.44,57.27,48.70,44.23,42.47,42.78,44.79,0.22,1.00
88.52,94.98,110.30,147.50,211.08,500.00,342.38,119.34,73.58,56.55,47.74,42.71,40.47,40.38,42.41,0.22,1.00
87.67,92.35,104.76,134.79,182.72,298.45,500.00,174.35,79.96,57.35,47.04,41.65,38.83,38.01,39.16,0.22,1.00
86.15,89.34,98.85,122.96,159.61,234.58,500.00,248.31,96.38,61.71,48.12,41.47,38.11,36.97,37.48,0.22,1.00
85.10,87.99,97.44,117.84,149.07,211.35,500.00,289.09,117.38,64.61,48.52,40.78,37.02,35.54,35.89,0.22,0.55
85.24,88.02,99.07,117.32,146.26,205.96,500.00,295.51,119.95,63.38,47.32,39.32,35.25,33.75,34.02,0.22,0.12
85.33,89.54,100.28,116.56,143.02,199.88,500.00,304.35,123.67,65.27,46.20,38.24,34.07,32.18,32.12,0.22,0.12
85.71,90.70,99.96,115.22,141.02,195.40,500.00,312.55,124.36,67.33,45.93,37.53,33.36,31.45,31.23,0.22,0.12
87.20,91.67,99.41,112.91,138.26,189.81,500.00,326.92,125.83,69.88,47.63,37.39,32.59,30.65,30.36,0.22,0.12
88.24,91.39,98.86,111.10,136.11,185.58,500.00,349.62,127.12,71.14,49.09,38.38,32.86,30.13,29.79,0.22,0.12
88.79,90.87,96.89,108.71,133.03,179.87,498.85,357.10,127.05,73.23,50.74,39.92,34.06,31.06,29.92,0.22,0.12
88.35,89.83,94.75,106.56,129.23,173.99,469.40,363.83,127.48,74.21,52.06,41.21,35.47,32.26,31.00,0.22,0.12
87.94,88.39,93.05,104.85,126.29,170.34,449.25,368.31,127.48,74.86,53.24,41.98,36.16,33.21,31.91,0.22,0.12
87.29,87.15,91.91,103.38,123.80,167.58,433.71,372.14,125.68,75.55,53.62,42.71,36.70,33.65,32.58,0.22,0.12
86.24,85.99,90.86,101.99,121.54,165.08,420.54,376.08,124.15,75.90,53.90,43.35,37.25,34.11,32.97,0.22,0.12
85.18,84.88,89.79,100.33,119.40,162.60,408.37,380.40,122.74,75.84,54.26,43.52,37.84,34.59,33.40,0.22,0.12
84.03,83.66,88.16,97.84,115.89,156.50,371.58,445.23,125.48,77.85,55.78,44.42,38.51,35.45,34.10,0.22,0.36
82.90,82.48,86.61,95.53,112.69,151.11,342.08,500.00,129.96,80.01,57.13,45.39,39.17,36.03,34.85,0.22,0.36
80.42,79.68,82.92,90.48,105.87,140.11,293.42,500.00,148.81,83.85,59.92,47.84,41.06,37.48,36.14,0.22,0.36
78.39,77.25,79.61,86.32,100.39,131.67,263.06,500.00,168.72,86.30,62.79,49.57,42.72,38.97,37.36,0.22,0.36
75.41,73.57,75.08,80.93,93.30,121.18,233.84,500.00,206.08,91.34,65.44,52.50,44.79,40.84,39.34,0.22,0.36
72.89,70.37,71.43,76.73,87.81,113.64,213.82,500.00,242.33,100.10,67.43,54.34,46.75,42.36,40.58,0.22,0.36
70.37,67.58,68.33,73.17,83.68,107.74,198.02,500.00,264.18,108.76,69.47,55.50,48.22,43.84,41.81,0.22,0.36
67.84,64.87,65.48,69.80,79.89,102.39,184.55,500.00,285.50,117.90,73.15,56.82,49.08,45.20,43.11,0.22,0.36
65.54,62.45,62.95,66.85,76.59,97.85,173.69,500.00,313.02,126.92,77.27,58.15,49.98,45.84,44.35,0.22,0.36
